编号	名称	品类	系列	等级	成本	售价(0=自动)	采购链接
L001	水晶手链	手链	星辰	2	12	0	
L002	钛钢项链	项链	花语	3	21	0	
L003	锆石耳环	耳环	古韵	1	30	0	
L004	珍珠戒指	戒指	简约	2	11	0	https://detail.1688.com/offer/L004.html
L005	纯银发饰	发饰	元气	3	20	19.9	
L006	水晶手链	手链	星辰	1	29	0	
L007	钛钢项链	项链	花语	4	10	0	
L008	锆石耳环	耳环	古韵	3	19	0	https://detail.1688.com/offer/L008.html
L009	珍珠戒指	戒指	简约	1	28	0	
L010	纯银发饰	发饰	元气	2	9	29.9	
L011	水晶手链	手链	星辰	3	18	0	
L012	钛钢项链	项链	花语	1	27	0	https://detail.1688.com/offer/L012.html
L013	锆石耳环	耳环	古韵	2	8	0	
L014	珍珠戒指	戒指	简约	4	17	0	
L015	纯银发饰	发饰	元气	1	26	39.9	
L016	水晶手链	手链	星辰	2	7	0	https://detail.1688.com/offer/L016.html
L017	钛钢项链	项链	花语	3	16	0	
L018	锆石耳环	耳环	古韵	1	25	0	
L019	珍珠戒指	戒指	简约	2	6	0	
L020	纯银发饰	发饰	元气	3	15	49	https://detail.1688.com/offer/L020.html
L021	水晶手链	手链	星辰	4	24	0	
L022	钛钢项链	项链	花语	2	5	0	
L023	锆石耳环	耳环	古韵	3	14	0	
L024	珍珠戒指	戒指	简约	1	23	0	https://detail.1688.com/offer/L024.html
L025	纯银发饰	发饰	元气	2	4	19.9	
L026	水晶手链	手链	星辰	3	13	0	
L027	钛钢项链	项链	花语	1	22	0	
L028	锆石耳环	耳环	古韵	4	3	0	https://detail.1688.com/offer/L028.html
L029	珍珠戒指	戒指	简约	3	12	0	
L030	纯银发饰	发饰	元气	1	21	29.9	
L031	水晶手链	手链	星辰	2	30	0	
L032	钛钢项链	项链	花语	3	11	0	https://detail.1688.com/offer/L032.html
L033	锆石耳环	耳环	古韵	1	20	0	
L034	珍珠戒指	戒指	简约	2	29	0	
L035	纯银发饰	发饰	元气	4	10	39.9	
L036	水晶手链	手链	星辰	1	19	0	https://detail.1688.com/offer/L036.html
L037	钛钢项链	项链	花语	2	28	0	
L038	锆石耳环	耳环	古韵	3	9	0	
L039	珍珠戒指	戒指	简约	1	18	0	
L040	纯银发饰	发饰	元气	2	27	49	https://detail.1688.com/offer/L040.html
L041	水晶手链	手链	星辰	3	8	0	
L042	钛钢项链	项链	花语	4	17	0	
L043	锆石耳环	耳环	古韵	2	26	0	
L044	珍珠戒指	戒指	简约	3	7	0	https://detail.1688.com/offer/L044.html
L045	纯银发饰	发饰	元气	1	16	19.9	
L046	水晶手链	手链	星辰	2	25	0	
L047	钛钢项链	项链	花语	3	6	0	
L048	锆石耳环	耳环	古韵	1	15	0	https://detail.1688.com/offer/L048.html
L049	珍珠戒指	戒指	简约	4	24	0	
L050	纯银发饰	发饰	元气	3	5	29.9	
L051	水晶手链	手链	星辰	1	14	0	
L052	钛钢项链	项链	花语	2	23	0	https://detail.1688.com/offer/L052.html
L053	锆石耳环	耳环	古韵	3	4	0	
L054	珍珠戒指	戒指	简约	1	13	0	
L055	纯银发饰	发饰	元气	2	22	39.9	
L056	水晶手链	手链	星辰	4	3	0	https://detail.1688.com/offer/L056.html
L057	钛钢项链	项链	花语	1	12	0	
L058	锆石耳环	耳环	古韵	2	21	0	
L059	珍珠戒指	戒指	简约	3	30	0	
L060	纯银发饰	发饰	元气	1	11	49	https://detail.1688.com/offer/L060.html
L061	水晶手链	手链	星辰	2	20	0	
L062	钛钢项链	项链	花语	3	29	0	
L063	锆石耳环	耳环	古韵	4	10	0	
L064	珍珠戒指	戒指	简约	2	19	0	https://detail.1688.com/offer/L064.html
L065	纯银发饰	发饰	元气	3	28	19.9	
L066	水晶手链	手链	星辰	1	9	0	
L067	钛钢项链	项链	花语	2	18	0	
L068	锆石耳环	耳环	古韵	3	27	0	https://detail.1688.com/offer/L068.html
L069	珍珠戒指	戒指	简约	1	8	0	
L070	纯银发饰	发饰	元气	4	17	29.9	
L071	水晶手链	手链	星辰	3	26	0	
L072	钛钢项链	项链	花语	1	7	0	https://detail.1688.com/offer/L072.html
L073	锆石耳环	耳环	古韵	2	16	0	
L074	珍珠戒指	戒指	简约	3	25	0	
L075	纯银发饰	发饰	元气	1	6	39.9	
L076	水晶手链	手链	星辰	2	15	0	https://detail.1688.com/offer/L076.html
L077	钛钢项链	项链	花语	4	24	0	
L078	锆石耳环	耳环	古韵	1	5	0	
L079	珍珠戒指	戒指	简约	2	14	0	
L080	纯银发饰	发饰	元气	3	23	49	https://detail.1688.com/offer/L080.html
L081	水晶手链	手链	星辰	1	4	0	
L082	钛钢项链	项链	花语	2	13	0	
L083	锆石耳环	耳环	古韵	3	22	0	
L084	珍珠戒指	戒指	简约	4	3	0	https://detail.1688.com/offer/L084.html
L085	纯银发饰	发饰	元气	2	12	19.9	
L086	水晶手链	手链	星辰	3	21	0	
L087	钛钢项链	项链	花语	1	30	0	
L088	锆石耳环	耳环	古韵	2	11	0	https://detail.1688.com/offer/L088.html
L089	珍珠戒指	戒指	简约	3	20	0	
L090	纯银发饰	发饰	元气	1	29	29.9	
L091	水晶手链	手链	星辰	4	10	0	
L092	钛钢项链	项链	花语	3	19	0	https://detail.1688.com/offer/L092.html
L093	锆石耳环	耳环	古韵	1	28	0	
L094	珍珠戒指	戒指	简约	2	9	0	
L095	纯银发饰	发饰	元气	3	18	39.9	
L096	水晶手链	手链	星辰	1	27	0	https://detail.1688.com/offer/L096.html
L097	钛钢项链	项链	花语	2	8	0	
L098	锆石耳环	耳环	古韵	4	17	0	
L099	珍珠戒指	戒指	简约	1	26	0	
L100	纯银发饰	发饰	元气	2	7	49	https://detail.1688.com/offer/L100.html
